<?xml version="1.0" encoding="UTF-8"?>
<jcr:root xmlns:sling="http://sling.apache.org/jcr/sling/1.0" xmlns:fdm="http://www.adobe.com/aemfd/fdm/1.0" xmlns:jcr="http://www.jcp.org/jcr/1.0" xmlns:nt="http://www.jcp.org/jcr/nt/1.0"
    jcr:primaryType="sling:Folder">
    <jcr:content
        jcr:primaryType="nt:unstructured"
        name="workflow_submit"
        rendition.handler.id="fdm.structure"
        title="workflow_submit">
        <definitions jcr:primaryType="nt:unstructured">
            <contactus
                fdm:binaryEntity="{Boolean}false"
                fdm:bindRef="contactus"
                fdm:defaultBinaryEntity="{Boolean}false"
                fdm:genericOperationAllowed="{Boolean}true"
                fdm:rootEntity="{Boolean}true"
                fdm:schemaName="documentation"
                fdm:source="source1"
                jcr:primaryType="nt:unstructured"
                id="contactus"
                name="contactus"
                required="[name,email]">
                <links jcr:primaryType="nt:unstructured">
                    <get_1575458883487
                        fdm:source="source1"
                        jcr:primaryType="nt:unstructured"
                        description="fetch specified table data "
                        genericOperation="{Boolean}true"
                        id="get_1575458883487"
                        method="GET"
                        name="get"
                        rel="self">
                        <fdm:data
                            jcr:primaryType="nt:unstructured"
                            email="234"/>
                        <schema
                            fdm:bindRef="schema"
                            fdm:computed="{Boolean}false"
                            fdm:nullable="{Boolean}true"
                            fdm:primaryKey="{Boolean}false"
                            fdm:protected="{Boolean}false"
                            fdm:required="{Boolean}false"
                            jcr:primaryType="nt:unstructured"
                            name="schema"
                            type="object">
                            <properties jcr:primaryType="nt:unstructured">
                                <email
                                    fdm:bindRef="email"
                                    fdm:computed="{Boolean}false"
                                    fdm:nullable="{Boolean}false"
                                    fdm:primaryKey="{Boolean}true"
                                    fdm:protected="{Boolean}false"
                                    fdm:required="{Boolean}true"
                                    jcr:primaryType="nt:unstructured"
                                    maxLength="{Double}45.0"
                                    name="email"
                                    title="email"
                                    type="string"/>
                            </properties>
                        </schema>
                        <targetSchema
                            fdm:bindRef="contactus"
                            fdm:computed="{Boolean}false"
                            fdm:nullable="{Boolean}true"
                            fdm:primaryKey="{Boolean}false"
                            fdm:protected="{Boolean}false"
                            fdm:required="{Boolean}false"
                            jcr:primaryType="nt:unstructured"
                            _x0024_ref="contactus"
                            name="contactus"
                            type="object"/>
                    </get_1575458883487>
                    <insert_1575458883487
                        fdm:source="source1"
                        jcr:primaryType="nt:unstructured"
                        description="Insert new row in specified table"
                        genericOperation="{Boolean}true"
                        id="insert_1575458883487"
                        method="POST"
                        name="insert"
                        rel="self">
                        <fdm:data jcr:primaryType="nt:unstructured"/>
                        <schema
                            fdm:bindRef="schema"
                            fdm:computed="{Boolean}false"
                            fdm:nullable="{Boolean}true"
                            fdm:primaryKey="{Boolean}false"
                            fdm:protected="{Boolean}false"
                            fdm:required="{Boolean}false"
                            jcr:primaryType="nt:unstructured"
                            name="schema"
                            type="object">
                            <properties jcr:primaryType="nt:unstructured">
                                <contactus
                                    fdm:bindRef="contactus"
                                    fdm:computed="{Boolean}false"
                                    fdm:nullable="{Boolean}true"
                                    fdm:primaryKey="{Boolean}false"
                                    fdm:protected="{Boolean}false"
                                    fdm:required="{Boolean}true"
                                    jcr:primaryType="nt:unstructured"
                                    _x0024_ref="contactus"
                                    name="contactus"
                                    title="contactus"
                                    type="object"/>
                            </properties>
                        </schema>
                        <targetSchema
                            fdm:bindRef="result"
                            fdm:computed="{Boolean}false"
                            fdm:nullable="{Boolean}true"
                            fdm:primaryKey="{Boolean}false"
                            fdm:protected="{Boolean}false"
                            fdm:required="{Boolean}false"
                            jcr:primaryType="nt:unstructured"
                            description="Insert action status"
                            name="result"
                            type="boolean"/>
                    </insert_1575458883487>
                </links>
                <properties jcr:primaryType="nt:unstructured">
                    <name
                        fdm:bindRef="name"
                        fdm:computed="{Boolean}false"
                        fdm:nullable="{Boolean}false"
                        fdm:primaryKey="{Boolean}false"
                        fdm:protected="{Boolean}false"
                        fdm:required="{Boolean}true"
                        jcr:primaryType="nt:unstructured"
                        maxLength="{Double}45.0"
                        name="name"
                        title="name"
                        type="string"/>
                    <email
                        fdm:bindRef="email"
                        fdm:computed="{Boolean}false"
                        fdm:nullable="{Boolean}false"
                        fdm:primaryKey="{Boolean}true"
                        fdm:protected="{Boolean}false"
                        fdm:required="{Boolean}true"
                        jcr:primaryType="nt:unstructured"
                        maxLength="{Double}45.0"
                        name="email"
                        title="email"
                        type="string"/>
                    <phonenumber
                        fdm:bindRef="phonenumber"
                        fdm:computed="{Boolean}false"
                        fdm:nullable="{Boolean}true"
                        fdm:primaryKey="{Boolean}false"
                        fdm:protected="{Boolean}false"
                        fdm:required="{Boolean}false"
                        jcr:primaryType="nt:unstructured"
                        maxLength="{Double}10.0"
                        name="phonenumber"
                        title="phonenumber"
                        type="string"/>
                    <issuedesc
                        fdm:bindRef="issuedesc"
                        fdm:computed="{Boolean}false"
                        fdm:nullable="{Boolean}true"
                        fdm:primaryKey="{Boolean}false"
                        fdm:protected="{Boolean}false"
                        fdm:required="{Boolean}false"
                        jcr:primaryType="nt:unstructured"
                        maxLength="{Double}1000.0"
                        name="issuedesc"
                        title="issuedesc"
                        type="string"/>
                </properties>
            </contactus>
        </definitions>
        <links jcr:primaryType="nt:unstructured">
            <get
                fdm:source="source1"
                jcr:primaryType="nt:unstructured"
                description="fetch specified table data "
                genericOperation="{Boolean}true"
                id="get"
                method="GET"
                name="get"
                rel="contactus">
                <fdm:data jcr:primaryType="nt:unstructured"/>
                <schema
                    fdm:bindRef="schema"
                    fdm:computed="{Boolean}false"
                    fdm:nullable="{Boolean}true"
                    fdm:primaryKey="{Boolean}false"
                    fdm:protected="{Boolean}false"
                    fdm:required="{Boolean}false"
                    jcr:primaryType="nt:unstructured"
                    name="schema"
                    type="object">
                    <properties jcr:primaryType="nt:unstructured">
                        <email
                            fdm:bindRef="email"
                            fdm:computed="{Boolean}false"
                            fdm:nullable="{Boolean}false"
                            fdm:primaryKey="{Boolean}true"
                            fdm:protected="{Boolean}false"
                            fdm:required="{Boolean}true"
                            jcr:primaryType="nt:unstructured"
                            maxLength="{Double}45.0"
                            name="email"
                            title="email"
                            type="string"/>
                    </properties>
                </schema>
                <targetSchema
                    fdm:bindRef="contactus"
                    fdm:computed="{Boolean}false"
                    fdm:nullable="{Boolean}true"
                    fdm:primaryKey="{Boolean}false"
                    fdm:protected="{Boolean}false"
                    fdm:required="{Boolean}false"
                    jcr:primaryType="nt:unstructured"
                    _x0024_ref="contactus"
                    name="contactus"
                    type="object"/>
            </get>
            <insert
                fdm:source="source1"
                jcr:primaryType="nt:unstructured"
                description="Insert new row in specified table"
                genericOperation="{Boolean}true"
                id="insert"
                method="POST"
                name="insert">
                <fdm:data jcr:primaryType="nt:unstructured"/>
                <schema
                    fdm:bindRef="schema"
                    fdm:computed="{Boolean}false"
                    fdm:nullable="{Boolean}true"
                    fdm:primaryKey="{Boolean}false"
                    fdm:protected="{Boolean}false"
                    fdm:required="{Boolean}false"
                    jcr:primaryType="nt:unstructured"
                    name="schema"
                    type="object">
                    <properties jcr:primaryType="nt:unstructured">
                        <contactus
                            fdm:bindRef="contactus"
                            fdm:computed="{Boolean}false"
                            fdm:nullable="{Boolean}true"
                            fdm:primaryKey="{Boolean}false"
                            fdm:protected="{Boolean}false"
                            fdm:required="{Boolean}true"
                            jcr:primaryType="nt:unstructured"
                            _x0024_ref="contactus"
                            name="contactus"
                            title="contactus"
                            type="object"/>
                    </properties>
                </schema>
                <targetSchema
                    fdm:bindRef="result"
                    fdm:computed="{Boolean}false"
                    fdm:nullable="{Boolean}true"
                    fdm:primaryKey="{Boolean}false"
                    fdm:protected="{Boolean}false"
                    fdm:required="{Boolean}false"
                    jcr:primaryType="nt:unstructured"
                    description="Insert action status"
                    name="result"
                    type="boolean"/>
            </insert>
        </links>
        <properties jcr:primaryType="nt:unstructured">
            <contactus
                fdm:computed="{Boolean}false"
                fdm:nullable="{Boolean}true"
                fdm:protected="{Boolean}false"
                fdm:required="{Boolean}false"
                jcr:primaryType="nt:unstructured"
                _x0024_ref="contactus"
                name="contactus"/>
        </properties>
    </jcr:content>
</jcr:root>
