{"images":["/content/dam/formsanddocuments/docs_conversion/sample_form_json.pdf/jcr:content/renditions/crTool/page1.png"],"pages":[{"jsonClass":"Page","number":1,"children":[{"jsonClass":"TextBlock","bounds":{"box":{"x":728.4528096516926,"y":214.31881239301887,"w":174.28407135489658,"h":53.90066746187759},"confidence":0.0},"confidences":{"SectionTitle":0.5317254066467285},"id":"f1e8e0d2-6aaf-472f-b4fb-1c6c52f6c202","category":{"typeOf":"StaticText","confidence":0.0},"textRuns":[{"jsonClass":"TextRun","bounds":{"box":{"x":728.4528096516926,"y":214.31881239301887,"w":174.28407135489658,"h":53.90066746187759},"confidence":0.0},"confidences":{"TextRun":1.0},"text":"Contact Us","glyphs":[],"bold":true,"italic":false,"underline":false,"subScript":false,"superScript":false,"fontFamily":"RVIGHA+Calibri-Bold","fontSize":"13.0pt","extras":{"FromAcro":false},"richText":"\u003cb\u003eContact Us\u003c/b\u003e"}],"predictedBoundingBox":{"x":729.4608585858585,"y":221.49621212121212,"w":168.33712121212122,"h":41.3459595959596},"extras":{"crTool":{"name":"contact_us_txt","_value":"\u003cp\u003e\u003cb\u003eContact Us\u003c/b\u003e\u003c/p\u003e","guideNodeClass":"guideTextDraw","sling:resourceType":"fd/af/components/guidetextdraw"}},"layout":{"jsonClass":"FullWidth$"}},{"jsonClass":"Field","bounds":{"box":{"x":200.0,"y":333.4716326284864,"w":1108.3139999999999,"h":147.84236737151355},"confidence":0.0},"confidences":{"Field":0.9772384759459001},"id":"7cd01fd5-7b2c-4ea4-ad01-be4e56edccf9","title":{"textBlock":{"jsonClass":"TextBlock","bounds":{"box":{"x":200.0,"y":333.4716326284864,"w":75.21283458886751,"h":42.33400024582369},"confidence":0.0},"confidences":{"TextBlock":0.9772384759459001},"id":"ce204dfa-348f-422d-a9be-3f548501c667","category":{"typeOf":"Caption","confidence":0.0},"textRuns":[{"jsonClass":"TextRun","bounds":{"box":{"x":200.0,"y":333.4716326284864,"w":75.21283458886751,"h":42.33400024582369},"confidence":0.0},"confidences":{"TextRun":1.0},"text":"Name","glyphs":[],"bold":true,"italic":false,"underline":false,"subScript":false,"superScript":false,"fontFamily":"GBWCPG+Calibri-Bold","fontSize":"10.0pt","extras":{"FromAcro":false},"richText":"\u003cb\u003eName\u003c/b\u003e"}],"extras":{},"layout":{"jsonClass":"FullWidth$"}},"confidence":0.0},"category":{"typeOf":"Text","confidence":0.0},"widgets":[{"jsonClass":"Widget","bounds":{"box":{"x":200.134,"y":431.69399999999996,"w":1108.1799999999998,"h":49.62},"confidence":0.0},"confidences":{"Widget":0.9742152572893977},"category":{"typeOf":"SingleLine","confidence":0.0},"extras":{}}],"predictedBoundingBox":{"x":198.48,"y":344.032,"w":1118.104,"h":137.28199999999998},"extras":{"crTool":{"name":"name1","guideNodeClass":"guideTextBox","sling:resourceType":"fd/af/components/guidetextbox","jcr:title":"Name","bindRef":"/name1","keywords":"name","schemaMeaning":"name"}},"layout":{"jsonClass":"FullWidth$"}},{"jsonClass":"Field","bounds":{"box":{"x":199.96944003634982,"y":561.0632531797016,"w":1108.34455996365,"h":117.07674682029835},"confidence":0.0},"confidences":{"Field":0.9736056912222181},"id":"d74fd917-7f84-4707-a0b7-5c109e819e2f","title":{"textBlock":{"jsonClass":"TextBlock","bounds":{"box":{"x":199.96944003634982,"y":561.0632531797016,"w":78.93369377593584,"h":42.334000245823745},"confidence":0.0},"confidences":{"TextBlock":0.9736056912222181},"id":"c3cd5d12-682b-4739-bbf5-9826b573ff47","category":{"typeOf":"Caption","confidence":0.0},"textRuns":[{"jsonClass":"TextRun","bounds":{"box":{"x":199.96944003634982,"y":561.0632531797016,"w":78.93369377593584,"h":42.334000245823745},"confidence":0.0},"confidences":{"TextRun":1.0},"text":"E-mail","glyphs":[],"bold":true,"italic":false,"underline":false,"subScript":false,"superScript":false,"fontFamily":"HVWIHP+Calibri-Bold","fontSize":"10.0pt","extras":{"FromAcro":false},"richText":"\u003cb\u003eE-mail\u003c/b\u003e"}],"extras":{},"layout":{"jsonClass":"FullWidth$"}},"confidence":0.0},"category":{"typeOf":"Email","confidence":0.0},"widgets":[{"jsonClass":"Widget","bounds":{"box":{"x":200.134,"y":626.866,"w":1108.1799999999998,"h":51.274},"confidence":0.0},"confidences":{"Widget":0.958637948012088},"category":{"typeOf":"SingleLine","confidence":0.0},"extras":{}}],"predictedBoundingBox":{"x":198.48,"y":570.63,"w":1111.4879999999998,"h":107.50999999999999},"extras":{"crTool":{"longDescription":"Specify the e-mail address for the contact point.","name":"email","validatePictureClause":"^(([^\u003c\u003e()\\[\\]\\.,;:\\s@\"]+(\\.[^\u003c\u003e()\\[\\]\\\\.,;:\\s@\"]+)*)|(\".+\"))@((\\[[0-9]{1,3}\\.[0-9]{1,3}\\.[0-9]{1,3}\\.[0-9]{1,3}])|(([a-zA-Z\\-0-9]+\\.)+[a-zA-Z]{2,}))$","guideNodeClass":"guideTextBox","sling:resourceType":"fd/af/components/guideemail","jcr:title":"E-mail","bindRef":"/email","keywords":"e-mail","schemaMeaning":"e-mail"}},"layout":{"jsonClass":"FullWidth$"}},{"jsonClass":"Field","bounds":{"box":{"x":199.96944003634982,"y":748.3937110790072,"w":1108.34455996365,"h":118.30228892099274},"confidence":0.0},"confidences":{"Field":0.9802006812988145},"id":"657ec4a8-e4f7-49cb-8154-d9724c1aa21f","title":{"textBlock":{"jsonClass":"TextBlock","bounds":{"box":{"x":199.96944003634982,"y":748.3937110790072,"w":190.83098415304207,"h":42.334000245823745},"confidence":0.0},"confidences":{"TextBlock":0.9802006812988145},"id":"724daf14-9a15-4215-b187-456b080d7ea2","category":{"typeOf":"Caption","confidence":0.0},"textRuns":[{"jsonClass":"TextRun","bounds":{"box":{"x":199.96944003634982,"y":748.3937110790072,"w":190.83098415304207,"h":42.334000245823745},"confidence":0.0},"confidences":{"TextRun":1.0},"text":"Phone Number","glyphs":[],"bold":true,"italic":false,"underline":false,"subScript":false,"superScript":false,"fontFamily":"HVWIHP+Calibri-Bold","fontSize":"10.0pt","extras":{"FromAcro":false},"richText":"\u003cb\u003ePhone Number\u003c/b\u003e"}],"extras":{},"layout":{"jsonClass":"FullWidth$"}},"confidence":0.0},"category":{"typeOf":"Telephone","confidence":0.0},"widgets":[{"jsonClass":"Widget","bounds":{"box":{"x":200.134,"y":815.4219999999999,"w":1108.1799999999998,"h":51.274},"confidence":0.0},"confidences":{"Widget":0.9688523725342395},"category":{"typeOf":"SingleLine","confidence":0.0},"extras":{}}],"predictedBoundingBox":{"x":198.48,"y":755.8779999999999,"w":1113.142,"h":110.818},"extras":{"crTool":{"longDescription":"Specify the telephone number for the contact point.","name":"phone_number","guideNodeClass":"guideTelephone","sling:resourceType":"fd/af/components/guidetelephone","jcr:title":"Phone Number","bindRef":"/phone_number","keywords":"phone number","schemaMeaning":"phone number"}},"layout":{"jsonClass":"FullWidth$"}},{"jsonClass":"Field","bounds":{"box":{"x":199.93888007269965,"y":933.0993181753614,"w":1110.0291199273001,"h":118.84468182463854},"confidence":0.0},"confidences":{"Field":0.9671063430892183},"id":"9a905b2f-a74e-4702-b588-ed479c507a69","title":{"textBlock":{"jsonClass":"TextBlock","bounds":{"box":{"x":199.93888007269965,"y":933.0993181753614,"w":215.25210476361747,"h":42.33679769048513},"confidence":0.0},"confidences":{"TextBlock":0.9671063430892183},"id":"70d13e7b-09c2-4a3a-a169-0af5f825b6f9","category":{"typeOf":"Caption","confidence":0.0},"textRuns":[{"jsonClass":"TextRun","bounds":{"box":{"x":199.93888007269965,"y":933.0993181753614,"w":215.25210476361747,"h":42.33679769048513},"confidence":0.0},"confidences":{"TextRun":1.0},"text":"Issue Description","glyphs":[],"bold":true,"italic":false,"underline":false,"subScript":false,"superScript":false,"fontFamily":"YDUWBM+Calibri-Bold","fontSize":"10.0pt","extras":{"FromAcro":false},"richText":"\u003cb\u003eIssue Description\u003c/b\u003e"}],"extras":{},"layout":{"jsonClass":"FullWidth$"}},"confidence":0.0},"category":{"typeOf":"Text","confidence":0.0},"widgets":[{"jsonClass":"Widget","bounds":{"box":{"x":200.134,"y":1000.67,"w":1109.8339999999998,"h":51.274},"confidence":0.0},"confidences":{"Widget":0.9688434998657628},"category":{"typeOf":"SingleLine","confidence":0.0},"extras":{}}],"predictedBoundingBox":{"x":198.48,"y":941.126,"w":1113.142,"h":110.818},"extras":{"crTool":{"longDescription":"Specify the entity description.","name":"issue_description","guideNodeClass":"guideTextBox","sling:resourceType":"fd/af/components/guidetextbox","jcr:title":"Issue Description","bindRef":"/issue_description","keywords":"issue.description,entity.description","schemaMeaning":"entity.description"}},"layout":{"jsonClass":"FullWidth$"}}],"name":"page","id":"52944755-7406-4f89-ac5f-aeee35bb467a","extras":{},"title":"Page 1"}],"meta":{"conversionStatus":"Converting...  90%","formTitle":"sample_form_json.pdf"},"dorDataModel":{"dorDataModel":{"children":[]}}}