<?xml version="1.0" encoding="UTF-8"?><afData><afUnboundData><data/></afUnboundData><afBoundData><sample xmlns:xfa="http://www.xfa.org/schema/xfa-data/1.0/" xmlns:xsi="http://www.w3.org/2001/XMLSchema-instance"><name>Aya Stevens</name><address>103, Calero Avenue</address><phonenumber>2045647643</phonenumber><email>aya.stevens@xyz.com</email><occupation>Actor</occupation><annualsalary>30000</annualsalary><familymembers>2</familymembers></sample></afBoundData><afSubmissionInfo><computedMetaInfo/><stateOverrides/><signers/><afPath>/content/dam/formsanddocuments/sample_loan_application_form-copy5</afPath><afSubmissionTime>20190526122904</afSubmissionTime></afSubmissionInfo></afData>